<?xml version="1.0" encoding="UTF-8"?>
<project xmlns="http://www.netbeans.org/ns/project/1">
    <type>com.microchip.mplab.nbide.embedded.makeproject</type>
    <configuration>
        <data xmlns="http://www.netbeans.org/ns/make-project/1">
            <name>uCQ_I2C_Slave</name>
            <creation-uuid>873bc96a-0008-403d-ae21-338b9c1e54b1</creation-uuid>
            <make-project-type>0</make-project-type>
            <sourceEncoding>ISO-8859-1</sourceEncoding>
            <make-dep-projects/>
            <sourceRootList>
                <sourceRootElem>.</sourceRootElem>
                <sourceRootElem>../_C_LIB/THU/LCD</sourceRootElem>
                <sourceRootElem>../_C_LIB/THU/PLIB</sourceRootElem>
                <sourceRootElem>../_C_LIB/THU/uCQuick</sourceRootElem>
            </sourceRootList>
            <confList>
                <confElem>
                    <name>default</name>
                    <type>2</type>
                </confElem>
            </confList>
            <formatting>
                <project-formatting-style>false</project-formatting-style>
            </formatting>
        </data>
    </configuration>
</project>
